{"main":"american-flights-api-2.raml","name":"American flights api 2","organizationId":"7c638bda-8847-4c7e-b2ea-041dd97f52c2","groupId":"7c638bda-8847-4c7e-b2ea-041dd97f52c2","assetId":"american-flights-api-2","version":"1.0.1","metadata":{"branchId":"master","commitId":"e1c8e940deded00ce293cf705f752c677f6e363e","projectId":"84462e66-e822-48f4-9fcf-053941740177"},"apiVersion":"v1","classifier":"raml","dependencies":[{"assetId":"training-american-flight-data-type","groupId":"68ef9520-24e9-4cf2-b2f5-620025690913","version":"1.0.1"},{"assetId":"training-american-flights-example","groupId":"68ef9520-24e9-4cf2-b2f5-620025690913","version":"1.0.1"}],"tags":[],"originalFormatVersion":"1.0"}